{
  "season_stats": [
    {
      "season": "зима",
      "mean": 92.18392183750429,
      "std": 14.310414923616634,
      "count": 2917
    }
  ],
  "temp_by_hour": [
    {
      "hour": 0,
      "mean": -0.41957490572505995,
      "std": 3.1077678394727957,
      "count": 2917
    }
  ],
  "terrain_effect": [
    {
      "terrain_type": "горы",
      "mean": 92.34284432480933,
      "count": 2229
    },
    {
      "terrain_type": "холмы",
      "mean": 92.06829268292682,
      "count": 492
    },
    {
      "terrain_type": "равнина",
      "mean": 90.66683673469389,
      "count": 196
    }
  ],
  "elevation_stats": [
    {
      "elevation_bin": 